Jurisdiction,Value,Race/ ethnicity,Year,Measure
Caroline,,Asian,2017,HIV Incidence
State,20.4,All races/ ethnicities (aggregated),2017,HIV Incidence
Allegany,6.4,All races/ ethnicities (aggregated),2017,HIV Incidence
Anne Arundel,8.7,All races/ ethnicities (aggregated),2017,HIV Incidence
Baltimore City,44.7,All races/ ethnicities (aggregated),2017,HIV Incidence
Baltimore County,15.9,All races/ ethnicities (aggregated),2017,HIV Incidence
Calvert,6.5,All races/ ethnicities (aggregated),2017,HIV Incidence
Caroline,3.6,All races/ ethnicities (aggregated),2017,HIV Incidence
Carroll,5.6,All races/ ethnicities (aggregated),2017,HIV Incidence
Cecil,5.8,All races/ ethnicities (aggregated),2017,HIV Incidence
Charles,18.1,All races/ ethnicities (aggregated),2017,HIV Incidence
Dorchester,22,All races/ ethnicities (aggregated),2017,HIV Incidence
Frederick,7.6,All races/ ethnicities (aggregated),2017,HIV Incidence
Garrett,3.9,All races/ ethnicities (aggregated),2017,HIV Incidence
Harford,11.3,All races/ ethnicities (aggregated),2017,HIV Incidence
Howard,7.5,All races/ ethnicities (aggregated),2017,HIV Incidence
Kent,5.8,All races/ ethnicities (aggregated),2017,HIV Incidence
Montgomery,18.6,All races/ ethnicities (aggregated),2017,HIV Incidence
Prince George's,41.9,All races/ ethnicities (aggregated),2017,HIV Incidence
Queen Anne's,,All races/ ethnicities (aggregated),2017,HIV Incidence
Saint Mary's,6.5,All races/ ethnicities (aggregated),2017,HIV Incidence
Somerset,,All races/ ethnicities (aggregated),2017,HIV Incidence
Talbot,,All races/ ethnicities (aggregated),2017,HIV Incidence
Washington,7.9,All races/ ethnicities (aggregated),2017,HIV Incidence
Wicomico,18.5,All races/ ethnicities (aggregated),2017,HIV Incidence
Worcester,4.4,All races/ ethnicities (aggregated),2017,HIV Incidence
State,49,Black Non-Hispanic,2017,HIV Incidence
Allegany,18.5,Black Non-Hispanic,2017,HIV Incidence
Anne Arundel,30.2,Black Non-Hispanic,2017,HIV Incidence
Baltimore City,59.5,Black Non-Hispanic,2017,HIV Incidence
Baltimore County,37.4,Black Non-Hispanic,2017,HIV Incidence
Calvert,20,Black Non-Hispanic,2017,HIV Incidence
Caroline,,Black Non-Hispanic,2017,HIV Incidence
Carroll,78.5,Black Non-Hispanic,2017,HIV Incidence
Cecil,18,Black Non-Hispanic,2017,HIV Incidence
Charles,0,Black Non-Hispanic,2017,HIV Incidence
Dorchester,55.1,Black Non-Hispanic,2017,HIV Incidence
Frederick,36.6,Black Non-Hispanic,2017,HIV Incidence
Garrett,,Black Non-Hispanic,2017,HIV Incidence
Harford,35.9,Black Non-Hispanic,2017,HIV Incidence
Howard,26.4,Black Non-Hispanic,2017,HIV Incidence
Kent,,Black Non-Hispanic,2017,HIV Incidence
Montgomery,61.7,Black Non-Hispanic,2017,HIV Incidence
Prince George's,53.3,Black Non-Hispanic,2017,HIV Incidence
Queen Anne's,,Black Non-Hispanic,2017,HIV Incidence
Saint Mary's,22.9,Black Non-Hispanic,2017,HIV Incidence
Somerset,,Black Non-Hispanic,2017,HIV Incidence
Talbot,,Black Non-Hispanic,2017,HIV Incidence
Washington,35.5,Black Non-Hispanic,2017,HIV Incidence
Wicomico,46.3,Black Non-Hispanic,2017,HIV Incidence
Worcester,17.8,Black Non-Hispanic,2017,HIV Incidence
State,23.2,Hispanic,2017,HIV Incidence
Allegany,185.9,Hispanic,2017,HIV Incidence
Anne Arundel,12.2,Hispanic,2017,HIV Incidence
Baltimore City,30.2,Hispanic,2017,HIV Incidence
Baltimore County,30.2,Hispanic,2017,HIV Incidence
Calvert,35.2,Hispanic,2017,HIV Incidence
Caroline,,Hispanic,2017,HIV Incidence
Carroll,44.5,Hispanic,2017,HIV Incidence
Cecil,0,Hispanic,2017,HIV Incidence
Charles,0,Hispanic,2017,HIV Incidence
Dorchester,78.7,Hispanic,2017,HIV Incidence
Frederick,0,Hispanic,2017,HIV Incidence
Garrett,,Hispanic,2017,HIV Incidence
Harford,11.4,Hispanic,2017,HIV Incidence
Howard,6.1,Hispanic,2017,HIV Incidence
Kent,,Hispanic,2017,HIV Incidence
Montgomery,21.4,Hispanic,2017,HIV Incidence
Prince George's,32.1,Hispanic,2017,HIV Incidence
Queen Anne's,,Hispanic,2017,HIV Incidence
Saint Mary's,,Hispanic,2017,HIV Incidence
Somerset,,Hispanic,2017,HIV Incidence
Talbot,,Hispanic,2017,HIV Incidence
Washington,,Hispanic,2017,HIV Incidence
Wicomico,,Hispanic,2017,HIV Incidence
Worcester,76.7,Hispanic,2017,HIV Incidence
State,5.5,White Non-Hispanic,2017,HIV Incidence
Allegany,1.8,White Non-Hispanic,2017,HIV Incidence
Anne Arundel,3.9,White Non-Hispanic,2017,HIV Incidence
Baltimore City,20.3,White Non-Hispanic,2017,HIV Incidence
Baltimore County,4.8,White Non-Hispanic,2017,HIV Incidence
Calvert,3.3,White Non-Hispanic,2017,HIV Incidence
Caroline,,White Non-Hispanic,2017,HIV Incidence
Carroll,1.6,White Non-Hispanic,2017,HIV Incidence
Cecil,2.7,White Non-Hispanic,2017,HIV Incidence
Charles,,White Non-Hispanic,2017,HIV Incidence
Dorchester,5.6,White Non-Hispanic,2017,HIV Incidence
Frederick,5.6,White Non-Hispanic,2017,HIV Incidence
Garrett,,White Non-Hispanic,2017,HIV Incidence
Harford,6.7,White Non-Hispanic,2017,HIV Incidence
Howard,2.1,White Non-Hispanic,2017,HIV Incidence
Kent,,White Non-Hispanic,2017,HIV Incidence
Montgomery,4.9,White Non-Hispanic,2017,HIV Incidence
Prince George's,12.4,White Non-Hispanic,2017,HIV Incidence
Queen Anne's,,White Non-Hispanic,2017,HIV Incidence
Saint Mary's,2.9,White Non-Hispanic,2017,HIV Incidence
Somerset,,White Non-Hispanic,2017,HIV Incidence
Talbot,,White Non-Hispanic,2017,HIV Incidence
Washington,3.9,White Non-Hispanic,2017,HIV Incidence
Wicomico,5.3,White Non-Hispanic,2017,HIV Incidence
Worcester,,White Non-Hispanic,2017,HIV Incidence
State,,Asian,2017,HIV Incidence
Allegany,,Asian,2017,HIV Incidence
Anne Arundel,,Asian,2017,HIV Incidence
Baltimore City,,Asian,2017,HIV Incidence
Baltimore County,,Asian,2017,HIV Incidence
Calvert,,Asian,2017,HIV Incidence
Carroll,,Asian,2017,HIV Incidence
Cecil,,Asian,2017,HIV Incidence
Charles,,Asian,2017,HIV Incidence
Dorchester,,Asian,2017,HIV Incidence
Frederick,,Asian,2017,HIV Incidence
Garrett,,Asian,2017,HIV Incidence
Harford,,Asian,2017,HIV Incidence
Howard,,Asian,2017,HIV Incidence
Kent,,Asian,2017,HIV Incidence
Montgomery,,Asian,2017,HIV Incidence
Prince George's,,Asian,2017,HIV Incidence
Queen Anne's,,Asian,2017,HIV Incidence
Saint Mary's,,Asian,2017,HIV Incidence
Somerset,,Asian,2017,HIV Incidence
Talbot,,Asian,2017,HIV Incidence
Washington,,Asian,2017,HIV Incidence
Wicomico,,Asian,2017,HIV Incidence
Worcester,,Asian,2017,HIV Incidence
State,22.1,All races/ ethnicities (aggregated),2016,HIV Incidence
Allegany,3.2,All races/ ethnicities (aggregated),2016,HIV Incidence
Anne Arundel,9,All races/ ethnicities (aggregated),2016,HIV Incidence
Baltimore City,53.7,All races/ ethnicities (aggregated),2016,HIV Incidence
Baltimore County,19.8,All races/ ethnicities (aggregated),2016,HIV Incidence
Calvert,10.4,All races/ ethnicities (aggregated),2016,HIV Incidence
Caroline,7.3,All races/ ethnicities (aggregated),2016,HIV Incidence
Carroll,1.4,All races/ ethnicities (aggregated),2016,HIV Incidence
Cecil,3.5,All races/ ethnicities (aggregated),2016,HIV Incidence
Charles,16.8,All races/ ethnicities (aggregated),2016,HIV Incidence
Dorchester,36.7,All races/ ethnicities (aggregated),2016,HIV Incidence
Frederick,8.2,All races/ ethnicities (aggregated),2016,HIV Incidence
Garrett,0,All races/ ethnicities (aggregated),2016,HIV Incidence
Harford,10.9,All races/ ethnicities (aggregated),2016,HIV Incidence
Howard,10.6,All races/ ethnicities (aggregated),2016,HIV Incidence
Kent,5.7,All races/ ethnicities (aggregated),2016,HIV Incidence
Montgomery,17.3,All races/ ethnicities (aggregated),2016,HIV Incidence
Prince George's,43.3,All races/ ethnicities (aggregated),2016,HIV Incidence
Queen Anne's,4.8,All races/ ethnicities (aggregated),2016,HIV Incidence
Saint Mary's,4.3,All races/ ethnicities (aggregated),2016,HIV Incidence
Somerset,26.5,All races/ ethnicities (aggregated),2016,HIV Incidence
Talbot,3.1,All races/ ethnicities (aggregated),2016,HIV Incidence
Washington,4.7,All races/ ethnicities (aggregated),2016,HIV Incidence
Wicomico,16.2,All races/ ethnicities (aggregated),2016,HIV Incidence
Worcester,6.6,All races/ ethnicities (aggregated),2016,HIV Incidence
State,55.5,Black Non-Hispanic,2016,HIV Incidence
Allegany,0,Black Non-Hispanic,2016,HIV Incidence
Anne Arundel,24.5,Black Non-Hispanic,2016,HIV Incidence
Baltimore City,68,Black Non-Hispanic,2016,HIV Incidence
Baltimore County,49.7,Black Non-Hispanic,2016,HIV Incidence
Calvert,50.7,Black Non-Hispanic,2016,HIV Incidence
Caroline,27,Black Non-Hispanic,2016,HIV Incidence
Carroll,20.1,Black Non-Hispanic,2016,HIV Incidence
Cecil,0,Black Non-Hispanic,2016,HIV Incidence
Charles,25.5,Black Non-Hispanic,2016,HIV Incidence
Dorchester,110.5,Black Non-Hispanic,2016,HIV Incidence
Frederick,38.6,Black Non-Hispanic,2016,HIV Incidence
Garrett,,Black Non-Hispanic,2016,HIV Incidence
Harford,25.9,Black Non-Hispanic,2016,HIV Incidence
Howard,42,Black Non-Hispanic,2016,HIV Incidence
Kent,,Black Non-Hispanic,2016,HIV Incidence
Montgomery,65.9,Black Non-Hispanic,2016,HIV Incidence
Prince George's,60.6,Black Non-Hispanic,2016,HIV Incidence
Queen Anne's,0,Black Non-Hispanic,2016,HIV Incidence
Saint Mary's,15.6,Black Non-Hispanic,2016,HIV Incidence
Somerset,,Black Non-Hispanic,2016,HIV Incidence
Talbot,25.4,Black Non-Hispanic,2016,HIV Incidence
Washington,22,Black Non-Hispanic,2016,HIV Incidence
Wicomico,51.8,Black Non-Hispanic,2016,HIV Incidence
Worcester,17.8,Black Non-Hispanic,2016,HIV Incidence
State,21.1,Hispanic,2016,HIV Incidence
Allegany,0,Hispanic,2016,HIV Incidence
Anne Arundel,12.9,Hispanic,2016,HIV Incidence
Baltimore City,81.2,Hispanic,2016,HIV Incidence
Baltimore County,28.2,Hispanic,2016,HIV Incidence
Calvert,0,Hispanic,2016,HIV Incidence
Caroline,0,Hispanic,2016,HIV Incidence
Carroll,0,Hispanic,2016,HIV Incidence
Cecil,0,Hispanic,2016,HIV Incidence
Charles,0,Hispanic,2016,HIV Incidence
Dorchester,0,Hispanic,2016,HIV Incidence
Frederick,17.9,Hispanic,2016,HIV Incidence
Garrett,,Hispanic,2016,HIV Incidence
Harford,12,Hispanic,2016,HIV Incidence
Howard,12.7,Hispanic,2016,HIV Incidence
Kent,,Hispanic,2016,HIV Incidence
Montgomery,15.1,Hispanic,2016,HIV Incidence
Prince George's,18.6,Hispanic,2016,HIV Incidence
Queen Anne's,0,Hispanic,2016,HIV Incidence
Saint Mary's,23.7,Hispanic,2016,HIV Incidence
Somerset,,Hispanic,2016,HIV Incidence
Talbot,0,Hispanic,2016,HIV Incidence
Washington,39.5,Hispanic,2016,HIV Incidence
Wicomico,54.3,Hispanic,2016,HIV Incidence
Worcester,0,Hispanic,2016,HIV Incidence
State,5.6,White Non-Hispanic,2016,HIV Incidence
Allegany,3.6,White Non-Hispanic,2016,HIV Incidence
Anne Arundel,4.7,White Non-Hispanic,2016,HIV Incidence
Baltimore City,20.9,White Non-Hispanic,2016,HIV Incidence
Baltimore County,6.9,White Non-Hispanic,2016,HIV Incidence
Calvert,4.9,White Non-Hispanic,2016,HIV Incidence
Caroline,0,White Non-Hispanic,2016,HIV Incidence
Carroll,0.8,White Non-Hispanic,2016,HIV Incidence
Cecil,2.7,White Non-Hispanic,2016,HIV Incidence
Charles,8.8,White Non-Hispanic,2016,HIV Incidence
Dorchester,5.5,White Non-Hispanic,2016,HIV Incidence
Frederick,4.4,White Non-Hispanic,2016,HIV Incidence
Garrett,0,White Non-Hispanic,2016,HIV Incidence
Harford,7.2,White Non-Hispanic,2016,HIV Incidence
Howard,3.4,White Non-Hispanic,2016,HIV Incidence
Kent,0,White Non-Hispanic,2016,HIV Incidence
Montgomery,3.9,White Non-Hispanic,2016,HIV Incidence
Prince George's,5.6,White Non-Hispanic,2016,HIV Incidence
Queen Anne's,5.5,White Non-Hispanic,2016,HIV Incidence
Saint Mary's,1.4,White Non-Hispanic,2016,HIV Incidence
Somerset,25.3,White Non-Hispanic,2016,HIV Incidence
Talbot,0,White Non-Hispanic,2016,HIV Incidence
Washington,0,White Non-Hispanic,2016,HIV Incidence
Wicomico,0,White Non-Hispanic,2016,HIV Incidence
Worcester,5.4,White Non-Hispanic,2016,HIV Incidence
State,,Asian,2016,HIV Incidence
Allegany,,Asian,2016,HIV Incidence
Anne Arundel,,Asian,2016,HIV Incidence
Baltimore City,,Asian,2016,HIV Incidence
Baltimore County,,Asian,2016,HIV Incidence
Calvert,,Asian,2016,HIV Incidence
Caroline,,Asian,2016,HIV Incidence
Carroll,,Asian,2016,HIV Incidence
Cecil,,Asian,2016,HIV Incidence
Charles,,Asian,2016,HIV Incidence
Dorchester,,Asian,2016,HIV Incidence
Frederick,,Asian,2016,HIV Incidence
Garrett,,Asian,2016,HIV Incidence
Harford,,Asian,2016,HIV Incidence
Howard,,Asian,2016,HIV Incidence
Kent,,Asian,2016,HIV Incidence
Montgomery,,Asian,2016,HIV Incidence
Prince George's,,Asian,2016,HIV Incidence
Queen Anne's,,Asian,2016,HIV Incidence
Saint Mary's,,Asian,2016,HIV Incidence
Somerset,,Asian,2016,HIV Incidence
Talbot,,Asian,2016,HIV Incidence
Washington,,Asian,2016,HIV Incidence
Wicomico,,Asian,2016,HIV Incidence
Worcester,,Asian,2016,HIV Incidence
State,26.5,All races/ ethnicities (aggregated),2015,HIV Incidence
Allegany,3.1,All races/ ethnicities (aggregated),2015,HIV Incidence
Anne Arundel,13.1,All races/ ethnicities (aggregated),2015,HIV Incidence
Baltimore City,67.5,All races/ ethnicities (aggregated),2015,HIV Incidence
Baltimore County,19,All races/ ethnicities (aggregated),2015,HIV Incidence
Calvert,3.9,All races/ ethnicities (aggregated),2015,HIV Incidence
Caroline,11.1,All races/ ethnicities (aggregated),2015,HIV Incidence
Carroll,4.2,All races/ ethnicities (aggregated),2015,HIV Incidence
Cecil,4.7,All races/ ethnicities (aggregated),2015,HIV Incidence
Charles,20,All races/ ethnicities (aggregated),2015,HIV Incidence
Dorchester,36.7,All races/ ethnicities (aggregated),2015,HIV Incidence
Frederick,6.4,All races/ ethnicities (aggregated),2015,HIV Incidence
Garrett,7.8,All races/ ethnicities (aggregated),2015,HIV Incidence
Harford,5.7,All races/ ethnicities (aggregated),2015,HIV Incidence
Howard,11.9,All races/ ethnicities (aggregated),2015,HIV Incidence
Kent,5.7,All races/ ethnicities (aggregated),2015,HIV Incidence
Montgomery,20.4,All races/ ethnicities (aggregated),2015,HIV Incidence
Prince George's,55.6,All races/ ethnicities (aggregated),2015,HIV Incidence
Queen Anne's,2.4,All races/ ethnicities (aggregated),2015,HIV Incidence
Saint Mary's,7.6,All races/ ethnicities (aggregated),2015,HIV Incidence
Somerset,13.3,All races/ ethnicities (aggregated),2015,HIV Incidence
Talbot,12.3,All races/ ethnicities (aggregated),2015,HIV Incidence
Washington,8.7,All races/ ethnicities (aggregated),2015,HIV Incidence
Wicomico,17.4,All races/ ethnicities (aggregated),2015,HIV Incidence
Worcester,11.1,All races/ ethnicities (aggregated),2015,HIV Incidence
State,68.7,Black Non-Hispanic,2015,HIV Incidence
Allegany,18.2,Black Non-Hispanic,2015,HIV Incidence
Anne Arundel,55.7,Black Non-Hispanic,2015,HIV Incidence
Baltimore City,92.1,Black Non-Hispanic,2015,HIV Incidence
Baltimore County,48.6,Black Non-Hispanic,2015,HIV Incidence
Calvert,20.2,Black Non-Hispanic,2015,HIV Incidence
Caroline,53.9,Black Non-Hispanic,2015,HIV Incidence
Carroll,20.4,Black Non-Hispanic,2015,HIV Incidence
Cecil,18.3,Black Non-Hispanic,2015,HIV Incidence
Charles,37.3,Black Non-Hispanic,2015,HIV Incidence
Dorchester,97.3,Black Non-Hispanic,2015,HIV Incidence
Frederick,33.9,Black Non-Hispanic,2015,HIV Incidence
Garrett,,Black Non-Hispanic,2015,HIV Incidence
Harford,22.7,Black Non-Hispanic,2015,HIV Incidence
Howard,36.5,Black Non-Hispanic,2015,HIV Incidence
Kent,,Black Non-Hispanic,2015,HIV Incidence
Montgomery,64.9,Black Non-Hispanic,2015,HIV Incidence
Prince George's,75.5,Black Non-Hispanic,2015,HIV Incidence
Queen Anne's,0,Black Non-Hispanic,2015,HIV Incidence
Saint Mary's,47.3,Black Non-Hispanic,2015,HIV Incidence
Somerset,0,Black Non-Hispanic,2015,HIV Incidence
Talbot,75,Black Non-Hispanic,2015,HIV Incidence
Washington,22.6,Black Non-Hispanic,2015,HIV Incidence
Wicomico,67.9,Black Non-Hispanic,2015,HIV Incidence
Worcester,87.5,Black Non-Hispanic,2015,HIV Incidence
State,22.2,Hispanic,2015,HIV Incidence
Allegany,0,Hispanic,2015,HIV Incidence
Anne Arundel,6.7,Hispanic,2015,HIV Incidence
Baltimore City,63.2,Hispanic,2015,HIV Incidence
Baltimore County,22.4,Hispanic,2015,HIV Incidence
Calvert,0,Hispanic,2015,HIV Incidence
Caroline,0,Hispanic,2015,HIV Incidence
Carroll,0,Hispanic,2015,HIV Incidence
Cecil,0,Hispanic,2015,HIV Incidence
Charles,0,Hispanic,2015,HIV Incidence
Dorchester,0,Hispanic,2015,HIV Incidence
Frederick,6.3,Hispanic,2015,HIV Incidence
Garrett,,Hispanic,2015,HIV Incidence
Harford,12.2,Hispanic,2015,HIV Incidence
Howard,19.7,Hispanic,2015,HIV Incidence
Kent,,Hispanic,2015,HIV Incidence
Montgomery,21.2,Hispanic,2015,HIV Incidence
Prince George's,29.3,Hispanic,2015,HIV Incidence
Queen Anne's,0,Hispanic,2015,HIV Incidence
Saint Mary's,0,Hispanic,2015,HIV Incidence
Somerset,,Hispanic,2015,HIV Incidence
Talbot,0,Hispanic,2015,HIV Incidence
Washington,0,Hispanic,2015,HIV Incidence
Wicomico,0,Hispanic,2015,HIV Incidence
Worcester,0,Hispanic,2015,HIV Incidence
State,6.6,White Non-Hispanic,2015,HIV Incidence
Allegany,1.8,White Non-Hispanic,2015,HIV Incidence
Anne Arundel,4.4,White Non-Hispanic,2015,HIV Incidence
Baltimore City,21.2,White Non-Hispanic,2015,HIV Incidence
Baltimore County,6.3,White Non-Hispanic,2015,HIV Incidence
Calvert,1.6,White Non-Hispanic,2015,HIV Incidence
Caroline,4.7,White Non-Hispanic,2015,HIV Incidence
Carroll,3.9,White Non-Hispanic,2015,HIV Incidence
Cecil,2.7,White Non-Hispanic,2015,HIV Incidence
Charles,6.8,White Non-Hispanic,2015,HIV Incidence
Dorchester,10.9,White Non-Hispanic,2015,HIV Incidence
Frederick,3.2,White Non-Hispanic,2015,HIV Incidence
Garrett,8.1,White Non-Hispanic,2015,HIV Incidence
Harford,3,White Non-Hispanic,2015,HIV Incidence
Howard,6.1,White Non-Hispanic,2015,HIV Incidence
Kent,0,White Non-Hispanic,2015,HIV Incidence
Montgomery,8.1,White Non-Hispanic,2015,HIV Incidence
Prince George's,16,White Non-Hispanic,2015,HIV Incidence
Queen Anne's,2.7,White Non-Hispanic,2015,HIV Incidence
Saint Mary's,1.4,White Non-Hispanic,2015,HIV Incidence
Somerset,8.5,White Non-Hispanic,2015,HIV Incidence
Talbot,3.8,White Non-Hispanic,2015,HIV Incidence
Washington,7.7,White Non-Hispanic,2015,HIV Incidence
Wicomico,0,White Non-Hispanic,2015,HIV Incidence
Worcester,0,White Non-Hispanic,2015,HIV Incidence
State,,Asian,2015,HIV Incidence
Allegany,,Asian,2015,HIV Incidence
Anne Arundel,,Asian,2015,HIV Incidence
Baltimore City,,Asian,2015,HIV Incidence
Baltimore County,,Asian,2015,HIV Incidence
Calvert,,Asian,2015,HIV Incidence
Caroline,,Asian,2015,HIV Incidence
Carroll,,Asian,2015,HIV Incidence
Cecil,,Asian,2015,HIV Incidence
Charles,,Asian,2015,HIV Incidence
Dorchester,,Asian,2015,HIV Incidence
Frederick,,Asian,2015,HIV Incidence
Garrett,,Asian,2015,HIV Incidence
Harford,,Asian,2015,HIV Incidence
Howard,,Asian,2015,HIV Incidence
Kent,,Asian,2015,HIV Incidence
Montgomery,,Asian,2015,HIV Incidence
Prince George's,,Asian,2015,HIV Incidence
Queen Anne's,,Asian,2015,HIV Incidence
Saint Mary's,,Asian,2015,HIV Incidence
Somerset,,Asian,2015,HIV Incidence
Talbot,,Asian,2015,HIV Incidence
Washington,,Asian,2015,HIV Incidence
Wicomico,,Asian,2015,HIV Incidence
Worcester,,Asian,2015,HIV Incidence
State,26.4,All races/ ethnicities (aggregated),2014,HIV Incidence
Allegany,1.6,All races/ ethnicities (aggregated),2014,HIV Incidence
Anne Arundel,11.3,All races/ ethnicities (aggregated),2014,HIV Incidence
Baltimore City,61.9,All races/ ethnicities (aggregated),2014,HIV Incidence
Baltimore County,24.2,All races/ ethnicities (aggregated),2014,HIV Incidence
Calvert,4,All races/ ethnicities (aggregated),2014,HIV Incidence
Caroline,11.1,All races/ ethnicities (aggregated),2014,HIV Incidence
Carroll,4.9,All races/ ethnicities (aggregated),2014,HIV Incidence
Cecil,5.8,All races/ ethnicities (aggregated),2014,HIV Incidence
Charles,31.7,All races/ ethnicities (aggregated),2014,HIV Incidence
Dorchester,21.8,All races/ ethnicities (aggregated),2014,HIV Incidence
Frederick,8.4,All races/ ethnicities (aggregated),2014,HIV Incidence
Garrett,3.9,All races/ ethnicities (aggregated),2014,HIV Incidence
Harford,11.4,All races/ ethnicities (aggregated),2014,HIV Incidence
Howard,10.1,All races/ ethnicities (aggregated),2014,HIV Incidence
Kent,17.2,All races/ ethnicities (aggregated),2014,HIV Incidence
Montgomery,22.2,All races/ ethnicities (aggregated),2014,HIV Incidence
Prince George's,51.1,All races/ ethnicities (aggregated),2014,HIV Incidence
Queen Anne's,2.4,All races/ ethnicities (aggregated),2014,HIV Incidence
Saint Mary's,13.2,All races/ ethnicities (aggregated),2014,HIV Incidence
Somerset,8.8,All races/ ethnicities (aggregated),2014,HIV Incidence
Talbot,6.1,All races/ ethnicities (aggregated),2014,HIV Incidence
Washington,7.1,All races/ ethnicities (aggregated),2014,HIV Incidence
Wicomico,12.9,All races/ ethnicities (aggregated),2014,HIV Incidence
Worcester,0,All races/ ethnicities (aggregated),2014,HIV Incidence
State,67.6,Black Non-Hispanic,2014,HIV Incidence
Allegany,17.9,Black Non-Hispanic,2014,HIV Incidence
Anne Arundel,45.3,Black Non-Hispanic,2014,HIV Incidence
Baltimore City,81.8,Black Non-Hispanic,2014,HIV Incidence
Baltimore County,67.2,Black Non-Hispanic,2014,HIV Incidence
Calvert,20.1,Black Non-Hispanic,2014,HIV Incidence
Caroline,27.4,Black Non-Hispanic,2014,HIV Incidence
Carroll,82.5,Black Non-Hispanic,2014,HIV Incidence
Cecil,0,Black Non-Hispanic,2014,HIV Incidence
Charles,61,Black Non-Hispanic,2014,HIV Incidence
Dorchester,69.1,Black Non-Hispanic,2014,HIV Incidence
Frederick,17.5,Black Non-Hispanic,2014,HIV Incidence
Garrett,,Black Non-Hispanic,2014,HIV Incidence
Harford,54.2,Black Non-Hispanic,2014,HIV Incidence
Howard,46.6,Black Non-Hispanic,2014,HIV Incidence
Kent,,Black Non-Hispanic,2014,HIV Incidence
Montgomery,72.3,Black Non-Hispanic,2014,HIV Incidence
Prince George's,69.2,Black Non-Hispanic,2014,HIV Incidence
Queen Anne's,0,Black Non-Hispanic,2014,HIV Incidence
Saint Mary's,47.9,Black Non-Hispanic,2014,HIV Incidence
Somerset,0,Black Non-Hispanic,2014,HIV Incidence
Talbot,24.8,Black Non-Hispanic,2014,HIV Incidence
Washington,23.1,Black Non-Hispanic,2014,HIV Incidence
Wicomico,34.8,Black Non-Hispanic,2014,HIV Incidence
Worcester,0,Black Non-Hispanic,2014,HIV Incidence
State,26.3,Hispanic,2014,HIV Incidence
Allegany,0,Hispanic,2014,HIV Incidence
Anne Arundel,20.6,Hispanic,2014,HIV Incidence
Baltimore City,59.2,Hispanic,2014,HIV Incidence
Baltimore County,39.8,Hispanic,2014,HIV Incidence
Calvert,0,Hispanic,2014,HIV Incidence
Caroline,0,Hispanic,2014,HIV Incidence
Carroll,0,Hispanic,2014,HIV Incidence
Cecil,0,Hispanic,2014,HIV Incidence
Charles,33.3,Hispanic,2014,HIV Incidence
Dorchester,98.2,Hispanic,2014,HIV Incidence
Frederick,26.4,Hispanic,2014,HIV Incidence
Garrett,,Hispanic,2014,HIV Incidence
Harford,0,Hispanic,2014,HIV Incidence
Howard,0,Hispanic,2014,HIV Incidence
Kent,,Hispanic,2014,HIV Incidence
Montgomery,23,Hispanic,2014,HIV Incidence
Prince George's,26.4,Hispanic,2014,HIV Incidence
Queen Anne's,85.5,Hispanic,2014,HIV Incidence
Saint Mary's,26.2,Hispanic,2014,HIV Incidence
Somerset,,Hispanic,2014,HIV Incidence
Talbot,0,Hispanic,2014,HIV Incidence
Washington,21.9,Hispanic,2014,HIV Incidence
Wicomico,53.2,Hispanic,2014,HIV Incidence
Worcester,0,Hispanic,2014,HIV Incidence
State,6,White Non-Hispanic,2014,HIV Incidence
Allegany,0,White Non-Hispanic,2014,HIV Incidence
Anne Arundel,3.3,White Non-Hispanic,2014,HIV Incidence
Baltimore City,20.5,White Non-Hispanic,2014,HIV Incidence
Baltimore County,4.9,White Non-Hispanic,2014,HIV Incidence
Calvert,1.6,White Non-Hispanic,2014,HIV Incidence
Caroline,9.4,White Non-Hispanic,2014,HIV Incidence
Carroll,1.5,White Non-Hispanic,2014,HIV Incidence
Cecil,6.7,White Non-Hispanic,2014,HIV Incidence
Charles,6.7,White Non-Hispanic,2014,HIV Incidence
Dorchester,0,White Non-Hispanic,2014,HIV Incidence
Frederick,6.3,White Non-Hispanic,2014,HIV Incidence
Garrett,4,White Non-Hispanic,2014,HIV Incidence
Harford,3.6,White Non-Hispanic,2014,HIV Incidence
Howard,1.4,White Non-Hispanic,2014,HIV Incidence
Kent,0,White Non-Hispanic,2014,HIV Incidence
Montgomery,9.5,White Non-Hispanic,2014,HIV Incidence
Prince George's,11.4,White Non-Hispanic,2014,HIV Incidence
Queen Anne's,0,White Non-Hispanic,2014,HIV Incidence
Saint Mary's,7.2,White Non-Hispanic,2014,HIV Incidence
Somerset,8.5,White Non-Hispanic,2014,HIV Incidence
Talbot,0,White Non-Hispanic,2014,HIV Incidence
Washington,4.8,White Non-Hispanic,2014,HIV Incidence
Wicomico,1.7,White Non-Hispanic,2014,HIV Incidence
Worcester,0,White Non-Hispanic,2014,HIV Incidence
State,,Asian,2014,HIV Incidence
Allegany,,Asian,2014,HIV Incidence
Anne Arundel,,Asian,2014,HIV Incidence
Baltimore City,,Asian,2014,HIV Incidence
Baltimore County,,Asian,2014,HIV Incidence
Calvert,,Asian,2014,HIV Incidence
Caroline,,Asian,2014,HIV Incidence
Carroll,,Asian,2014,HIV Incidence
Cecil,,Asian,2014,HIV Incidence
Charles,,Asian,2014,HIV Incidence
Dorchester,,Asian,2014,HIV Incidence
Frederick,,Asian,2014,HIV Incidence
Garrett,,Asian,2014,HIV Incidence
Harford,,Asian,2014,HIV Incidence
Howard,,Asian,2014,HIV Incidence
Kent,,Asian,2014,HIV Incidence
Montgomery,,Asian,2014,HIV Incidence
Prince George's,,Asian,2014,HIV Incidence
Queen Anne's,,Asian,2014,HIV Incidence
Saint Mary's,,Asian,2014,HIV Incidence
Somerset,,Asian,2014,HIV Incidence
Talbot,,Asian,2014,HIV Incidence
Washington,,Asian,2014,HIV Incidence
Wicomico,,Asian,2014,HIV Incidence
Worcester,,Asian,2014,HIV Incidence
State,26.5,All races/ ethnicities (aggregated),2013,HIV Incidence
Allegany,7.8,All races/ ethnicities (aggregated),2013,HIV Incidence
Anne Arundel,11.6,All races/ ethnicities (aggregated),2013,HIV Incidence
Baltimore City,72.5,All races/ ethnicities (aggregated),2013,HIV Incidence
Baltimore County,18,All races/ ethnicities (aggregated),2013,HIV Incidence
Calvert,4,All races/ ethnicities (aggregated),2013,HIV Incidence
Caroline,3.7,All races/ ethnicities (aggregated),2013,HIV Incidence
Carroll,1.4,All races/ ethnicities (aggregated),2013,HIV Incidence
Cecil,5.9,All races/ ethnicities (aggregated),2013,HIV Incidence
Charles,24.5,All races/ ethnicities (aggregated),2013,HIV Incidence
Dorchester,10.9,All races/ ethnicities (aggregated),2013,HIV Incidence
Frederick,7,All races/ ethnicities (aggregated),2013,HIV Incidence
Garrett,3.9,All races/ ethnicities (aggregated),2013,HIV Incidence
Harford,14.8,All races/ ethnicities (aggregated),2013,HIV Incidence
Howard,12.7,All races/ ethnicities (aggregated),2013,HIV Incidence
Kent,0,All races/ ethnicities (aggregated),2013,HIV Incidence
Montgomery,18.9,All races/ ethnicities (aggregated),2013,HIV Incidence
Prince George's,54.1,All races/ ethnicities (aggregated),2013,HIV Incidence
Queen Anne's,2.4,All races/ ethnicities (aggregated),2013,HIV Incidence
Saint Mary's,10,All races/ ethnicities (aggregated),2013,HIV Incidence
Somerset,17.5,All races/ ethnicities (aggregated),2013,HIV Incidence
Talbot,9.1,All races/ ethnicities (aggregated),2013,HIV Incidence
Washington,6.4,All races/ ethnicities (aggregated),2013,HIV Incidence
Wicomico,12.9,All races/ ethnicities (aggregated),2013,HIV Incidence
Worcester,2.2,All races/ ethnicities (aggregated),2013,HIV Incidence
State,68.4,Black Non-Hispanic,2013,HIV Incidence
Allegany,0,Black Non-Hispanic,2013,HIV Incidence
Anne Arundel,30.8,Black Non-Hispanic,2013,HIV Incidence
Baltimore City,95.4,Black Non-Hispanic,2013,HIV Incidence
Baltimore County,47.3,Black Non-Hispanic,2013,HIV Incidence
Calvert,20.1,Black Non-Hispanic,2013,HIV Incidence
Caroline,4.7,Black Non-Hispanic,2013,HIV Incidence
Carroll,0,Black Non-Hispanic,2013,HIV Incidence
Cecil,19.7,Black Non-Hispanic,2013,HIV Incidence
Charles,42,Black Non-Hispanic,2013,HIV Incidence
Dorchester,27.7,Black Non-Hispanic,2013,HIV Incidence
Frederick,23.9,Black Non-Hispanic,2013,HIV Incidence
Garrett,,Black Non-Hispanic,2013,HIV Incidence
Harford,70.9,Black Non-Hispanic,2013,HIV Incidence
Howard,52.6,Black Non-Hispanic,2013,HIV Incidence
Kent,,Black Non-Hispanic,2013,HIV Incidence
Montgomery,74.4,Black Non-Hispanic,2013,HIV Incidence
Prince George's,73.5,Black Non-Hispanic,2013,HIV Incidence
Queen Anne's,0,Black Non-Hispanic,2013,HIV Incidence
Saint Mary's,32.3,Black Non-Hispanic,2013,HIV Incidence
Somerset,41.8,Black Non-Hispanic,2013,HIV Incidence
Talbot,49.3,Black Non-Hispanic,2013,HIV Incidence
Washington,7.8,Black Non-Hispanic,2013,HIV Incidence
Wicomico,35.1,Black Non-Hispanic,2013,HIV Incidence
Worcester,0,Black Non-Hispanic,2013,HIV Incidence
State,20,Hispanic,2013,HIV Incidence
Allegany,0,Hispanic,2013,HIV Incidence
Anne Arundel,18,Hispanic,2013,HIV Incidence
Baltimore City,66,Hispanic,2013,HIV Incidence
Baltimore County,13.8,Hispanic,2013,HIV Incidence
Calvert,0,Hispanic,2013,HIV Incidence
Caroline,0,Hispanic,2013,HIV Incidence
Carroll,0,Hispanic,2013,HIV Incidence
Cecil,0,Hispanic,2013,HIV Incidence
Charles,0,Hispanic,2013,HIV Incidence
Dorchester,,Hispanic,2013,HIV Incidence
Frederick,0,Hispanic,2013,HIV Incidence
Garrett,,Hispanic,2013,HIV Incidence
Harford,13.4,Hispanic,2013,HIV Incidence
Howard,14,Hispanic,2013,HIV Incidence
Kent,,Hispanic,2013,HIV Incidence
Montgomery,17.4,Hispanic,2013,HIV Incidence
Prince George's,23.1,Hispanic,2013,HIV Incidence
Queen Anne's,0,Hispanic,2013,HIV Incidence
Saint Mary's,0,Hispanic,2013,HIV Incidence
Somerset,,Hispanic,2013,HIV Incidence
Talbot,62.9,Hispanic,2013,HIV Incidence
Washington,23.9,Hispanic,2013,HIV Incidence
Wicomico,0,Hispanic,2013,HIV Incidence
Worcester,0,Hispanic,2013,HIV Incidence
State,6.8,White Non-Hispanic,2013,HIV Incidence
Allegany,7.1,White Non-Hispanic,2013,HIV Incidence
Anne Arundel,7.1,White Non-Hispanic,2013,HIV Incidence
Baltimore City,24.9,White Non-Hispanic,2013,HIV Incidence
Baltimore County,5.7,White Non-Hispanic,2013,HIV Incidence
Calvert,1.7,White Non-Hispanic,2013,HIV Incidence
Caroline,0,White Non-Hispanic,2013,HIV Incidence
Carroll,1.5,White Non-Hispanic,2013,HIV Incidence
Cecil,5.4,White Non-Hispanic,2013,HIV Incidence
Charles,14.9,White Non-Hispanic,2013,HIV Incidence
Dorchester,0,White Non-Hispanic,2013,HIV Incidence
Frederick,5.1,White Non-Hispanic,2013,HIV Incidence
Garrett,0,White Non-Hispanic,2013,HIV Incidence
Harford,6.6,White Non-Hispanic,2013,HIV Incidence
Howard,4,White Non-Hispanic,2013,HIV Incidence
Kent,0,White Non-Hispanic,2013,HIV Incidence
Montgomery,4.6,White Non-Hispanic,2013,HIV Incidence
Prince George's,12.1,White Non-Hispanic,2013,HIV Incidence
Queen Anne's,2.8,White Non-Hispanic,2013,HIV Incidence
Saint Mary's,7.2,White Non-Hispanic,2013,HIV Incidence
Somerset,0,White Non-Hispanic,2013,HIV Incidence
Talbot,0,White Non-Hispanic,2013,HIV Incidence
Washington,4.8,White Non-Hispanic,2013,HIV Incidence
Wicomico,6.9,White Non-Hispanic,2013,HIV Incidence
Worcester,2.7,White Non-Hispanic,2013,HIV Incidence
State,,Asian,2013,HIV Incidence
Allegany,,Asian,2013,HIV Incidence
Anne Arundel,,Asian,2013,HIV Incidence
Baltimore City,,Asian,2013,HIV Incidence
Baltimore County,,Asian,2013,HIV Incidence
Calvert,,Asian,2013,HIV Incidence
Caroline,,Asian,2013,HIV Incidence
Carroll,,Asian,2013,HIV Incidence
Cecil,,Asian,2013,HIV Incidence
Charles,,Asian,2013,HIV Incidence
Dorchester,,Asian,2013,HIV Incidence
Frederick,,Asian,2013,HIV Incidence
Garrett,,Asian,2013,HIV Incidence
Harford,,Asian,2013,HIV Incidence
Howard,,Asian,2013,HIV Incidence
Kent,,Asian,2013,HIV Incidence
Montgomery,,Asian,2013,HIV Incidence
Prince George's,,Asian,2013,HIV Incidence
Queen Anne's,,Asian,2013,HIV Incidence
Saint Mary's,,Asian,2013,HIV Incidence
Somerset,,Asian,2013,HIV Incidence
Talbot,,Asian,2013,HIV Incidence
Washington,,Asian,2013,HIV Incidence
Wicomico,,Asian,2013,HIV Incidence
Worcester,,Asian,2013,HIV Incidence
State,28.2,All races/ ethnicities (aggregated),2012,HIV Incidence
Allegany,4.6,All races/ ethnicities (aggregated),2012,HIV Incidence
Anne Arundel,8.9,All races/ ethnicities (aggregated),2012,HIV Incidence
Baltimore City,86.2,All races/ ethnicities (aggregated),2012,HIV Incidence
Baltimore County,22.4,All races/ ethnicities (aggregated),2012,HIV Incidence
Calvert,13.4,All races/ ethnicities (aggregated),2012,HIV Incidence
Caroline,14.8,All races/ ethnicities (aggregated),2012,HIV Incidence
Carroll,2.1,All races/ ethnicities (aggregated),2012,HIV Incidence
Cecil,5.9,All races/ ethnicities (aggregated),2012,HIV Incidence
Charles,20.9,All races/ ethnicities (aggregated),2012,HIV Incidence
Dorchester,14.5,All races/ ethnicities (aggregated),2012,HIV Incidence
Frederick,9.6,All races/ ethnicities (aggregated),2012,HIV Incidence
Garrett,3.9,All races/ ethnicities (aggregated),2012,HIV Incidence
Harford,10.6,All races/ ethnicities (aggregated),2012,HIV Incidence
Howard,8.9,All races/ ethnicities (aggregated),2012,HIV Incidence
Kent,17.1,All races/ ethnicities (aggregated),2012,HIV Incidence
Montgomery,22.2,All races/ ethnicities (aggregated),2012,HIV Incidence
Prince George's,50.2,All races/ ethnicities (aggregated),2012,HIV Incidence
Queen Anne's,2.5,All races/ ethnicities (aggregated),2012,HIV Incidence
Saint Mary's,11.2,All races/ ethnicities (aggregated),2012,HIV Incidence
Somerset,0,All races/ ethnicities (aggregated),2012,HIV Incidence
Talbot,0,All races/ ethnicities (aggregated),2012,HIV Incidence
Washington,8,All races/ ethnicities (aggregated),2012,HIV Incidence
Wicomico,8.3,All races/ ethnicities (aggregated),2012,HIV Incidence
Worcester,8.9,All races/ ethnicities (aggregated),2012,HIV Incidence
State,73.3,Black Non-Hispanic,2012,HIV Incidence
Allegany,0,Black Non-Hispanic,2012,HIV Incidence
Anne Arundel,25.8,Black Non-Hispanic,2012,HIV Incidence
Baltimore City,118,Black Non-Hispanic,2012,HIV Incidence
Baltimore County,56.4,Black Non-Hispanic,2012,HIV Incidence
Calvert,80.6,Black Non-Hispanic,2012,HIV Incidence
Caroline,55.3,Black Non-Hispanic,2012,HIV Incidence
Carroll,0,Black Non-Hispanic,2012,HIV Incidence
Cecil,40.1,Black Non-Hispanic,2012,HIV Incidence
Charles,41.4,Black Non-Hispanic,2012,HIV Incidence
Dorchester,27.7,Black Non-Hispanic,2012,HIV Incidence
Frederick,54.4,Black Non-Hispanic,2012,HIV Incidence
Garrett,,Black Non-Hispanic,2012,HIV Incidence
Harford,35.9,Black Non-Hispanic,2012,HIV Incidence
Howard,30.5,Black Non-Hispanic,2012,HIV Incidence
Kent,,Black Non-Hispanic,2012,HIV Incidence
Montgomery,78.5,Black Non-Hispanic,2012,HIV Incidence
Prince George's,67.6,Black Non-Hispanic,2012,HIV Incidence
Queen Anne's,0,Black Non-Hispanic,2012,HIV Incidence
Saint Mary's,65.3,Black Non-Hispanic,2012,HIV Incidence
Somerset,0,Black Non-Hispanic,2012,HIV Incidence
Talbot,0,Black Non-Hispanic,2012,HIV Incidence
Washington,8,Black Non-Hispanic,2012,HIV Incidence
Wicomico,30.4,Black Non-Hispanic,2012,HIV Incidence
Worcester,17.3,Black Non-Hispanic,2012,HIV Incidence
State,21.7,Hispanic,2012,HIV Incidence
Allegany,,Hispanic,2012,HIV Incidence
Anne Arundel,7.5,Hispanic,2012,HIV Incidence
Baltimore City,71.1,Hispanic,2012,HIV Incidence
Baltimore County,32.4,Hispanic,2012,HIV Incidence
Calvert,0,Hispanic,2012,HIV Incidence
Caroline,0,Hispanic,2012,HIV Incidence
Carroll,0,Hispanic,2012,HIV Incidence
Cecil,0,Hispanic,2012,HIV Incidence
Charles,0,Hispanic,2012,HIV Incidence
Dorchester,,Hispanic,2012,HIV Incidence
Frederick,14.6,Hispanic,2012,HIV Incidence
Garrett,,Hispanic,2012,HIV Incidence
Harford,28,Hispanic,2012,HIV Incidence
Howard,14.6,Hispanic,2012,HIV Incidence
Kent,,Hispanic,2012,HIV Incidence
Montgomery,21.5,Hispanic,2012,HIV Incidence
Prince George's,17.3,Hispanic,2012,HIV Incidence
Queen Anne's,88.3,Hispanic,2012,HIV Incidence
Saint Mary's,0,Hispanic,2012,HIV Incidence
Somerset,,Hispanic,2012,HIV Incidence
Talbot,0,Hispanic,2012,HIV Incidence
Washington,0,Hispanic,2012,HIV Incidence
Wicomico,0,Hispanic,2012,HIV Incidence
Worcester,80.5,Hispanic,2012,HIV Incidence
State,6.5,White Non-Hispanic,2012,HIV Incidence
Allegany,3.5,White Non-Hispanic,2012,HIV Incidence
Anne Arundel,4.5,White Non-Hispanic,2012,HIV Incidence
Baltimore City,26,White Non-Hispanic,2012,HIV Incidence
Baltimore County,8.2,White Non-Hispanic,2012,HIV Incidence
Calvert,3.3,White Non-Hispanic,2012,HIV Incidence
Caroline,4.7,White Non-Hispanic,2012,HIV Incidence
Carroll,2.3,White Non-Hispanic,2012,HIV Incidence
Cecil,2.7,White Non-Hispanic,2012,HIV Incidence
Charles,6.6,White Non-Hispanic,2012,HIV Incidence
Dorchester,5.4,White Non-Hispanic,2012,HIV Incidence
Frederick,4.5,White Non-Hispanic,2012,HIV Incidence
Garrett,4,White Non-Hispanic,2012,HIV Incidence
Harford,5.4,White Non-Hispanic,2012,HIV Incidence
Howard,1.4,White Non-Hispanic,2012,HIV Incidence
Kent,0,White Non-Hispanic,2012,HIV Incidence
Montgomery,6.5,White Non-Hispanic,2012,HIV Incidence
Prince George's,13.7,White Non-Hispanic,2012,HIV Incidence
Queen Anne's,0,White Non-Hispanic,2012,HIV Incidence
Saint Mary's,2.9,White Non-Hispanic,2012,HIV Incidence
Somerset,0,White Non-Hispanic,2012,HIV Incidence
Talbot,0,White Non-Hispanic,2012,HIV Incidence
Washington,3.8,White Non-Hispanic,2012,HIV Incidence
Wicomico,0,White Non-Hispanic,2012,HIV Incidence
Worcester,0,White Non-Hispanic,2012,HIV Incidence
State,,Asian,2012,HIV Incidence
Allegany,,Asian,2012,HIV Incidence
Anne Arundel,,Asian,2012,HIV Incidence
Baltimore City,,Asian,2012,HIV Incidence
Baltimore County,,Asian,2012,HIV Incidence
Calvert,,Asian,2012,HIV Incidence
Caroline,,Asian,2012,HIV Incidence
Carroll,,Asian,2012,HIV Incidence
Cecil,,Asian,2012,HIV Incidence
Charles,,Asian,2012,HIV Incidence
Dorchester,,Asian,2012,HIV Incidence
Frederick,,Asian,2012,HIV Incidence
Garrett,,Asian,2012,HIV Incidence
Harford,,Asian,2012,HIV Incidence
Howard,,Asian,2012,HIV Incidence
Kent,,Asian,2012,HIV Incidence
Montgomery,,Asian,2012,HIV Incidence
Prince George's,,Asian,2012,HIV Incidence
Queen Anne's,,Asian,2012,HIV Incidence
Saint Mary's,,Asian,2012,HIV Incidence
Somerset,,Asian,2012,HIV Incidence
Talbot,,Asian,2012,HIV Incidence
Washington,,Asian,2012,HIV Incidence
Wicomico,,Asian,2012,HIV Incidence
Worcester,,Asian,2012,HIV Incidence
State,30.7,All races/ ethnicities (aggregated),2011,HIV Incidence
Allegany,6.1,All races/ ethnicities (aggregated),2011,HIV Incidence
Anne Arundel,12.3,All races/ ethnicities (aggregated),2011,HIV Incidence
Baltimore City,83.5,All races/ ethnicities (aggregated),2011,HIV Incidence
Baltimore County,23.9,All races/ ethnicities (aggregated),2011,HIV Incidence
Calvert,12.2,All races/ ethnicities (aggregated),2011,HIV Incidence
Caroline,18.4,All races/ ethnicities (aggregated),2011,HIV Incidence
Carroll,2.1,All races/ ethnicities (aggregated),2011,HIV Incidence
Cecil,7.1,All races/ ethnicities (aggregated),2011,HIV Incidence
Charles,11.4,All races/ ethnicities (aggregated),2011,HIV Incidence
Dorchester,28.9,All races/ ethnicities (aggregated),2011,HIV Incidence
Frederick,8.2,All races/ ethnicities (aggregated),2011,HIV Incidence
Garrett,0,All races/ ethnicities (aggregated),2011,HIV Incidence
Harford,13.1,All races/ ethnicities (aggregated),2011,HIV Incidence
Howard,14.9,All races/ ethnicities (aggregated),2011,HIV Incidence
Kent,11.3,All races/ ethnicities (aggregated),2011,HIV Incidence
Montgomery,21.5,All races/ ethnicities (aggregated),2011,HIV Incidence
Prince George's,59.6,All races/ ethnicities (aggregated),2011,HIV Incidence
Queen Anne's,7.4,All races/ ethnicities (aggregated),2011,HIV Incidence
Saint Mary's,8,All races/ ethnicities (aggregated),2011,HIV Incidence
Somerset,13,All races/ ethnicities (aggregated),2011,HIV Incidence
Talbot,12.2,All races/ ethnicities (aggregated),2011,HIV Incidence
Washington,10.4,All races/ ethnicities (aggregated),2011,HIV Incidence
Wicomico,11.9,All races/ ethnicities (aggregated),2011,HIV Incidence
Worcester,15.6,All races/ ethnicities (aggregated),2011,HIV Incidence
State,78.2,Black Non-Hispanic,2011,HIV Incidence
Allegany,34.9,Black Non-Hispanic,2011,HIV Incidence
Anne Arundel,39.4,Black Non-Hispanic,2011,HIV Incidence
Baltimore City,107.8,Black Non-Hispanic,2011,HIV Incidence
Baltimore County,63.2,Black Non-Hispanic,2011,HIV Incidence
Calvert,70.8,Black Non-Hispanic,2011,HIV Incidence
Caroline,108.4,Black Non-Hispanic,2011,HIV Incidence
Carroll,0,Black Non-Hispanic,2011,HIV Incidence
Cecil,20.2,Black Non-Hispanic,2011,HIV Incidence
Charles,22.3,Black Non-Hispanic,2011,HIV Incidence
Dorchester,95.7,Black Non-Hispanic,2011,HIV Incidence
Frederick,49.8,Black Non-Hispanic,2011,HIV Incidence
Garrett,,Black Non-Hispanic,2011,HIV Incidence
Harford,49,Black Non-Hispanic,2011,HIV Incidence
Howard,62.9,Black Non-Hispanic,2011,HIV Incidence
Kent,,Black Non-Hispanic,2011,HIV Incidence
Montgomery,81.3,Black Non-Hispanic,2011,HIV Incidence
Prince George's,75.5,Black Non-Hispanic,2011,HIV Incidence
Queen Anne's,36.4,Black Non-Hispanic,2011,HIV Incidence
Saint Mary's,33.1,Black Non-Hispanic,2011,HIV Incidence
Somerset,30.5,Black Non-Hispanic,2011,HIV Incidence
Talbot,97.8,Black Non-Hispanic,2011,HIV Incidence
Washington,40.4,Black Non-Hispanic,2011,HIV Incidence
Wicomico,36.1,Black Non-Hispanic,2011,HIV Incidence
Worcester,69.4,Black Non-Hispanic,2011,HIV Incidence
State,31.2,Hispanic,2011,HIV Incidence
Allegany,,Hispanic,2011,HIV Incidence
Anne Arundel,31.2,Hispanic,2011,HIV Incidence
Baltimore City,86.8,Hispanic,2011,HIV Incidence
Baltimore County,41,Hispanic,2011,HIV Incidence
Calvert,0,Hispanic,2011,HIV Incidence
Caroline,0,Hispanic,2011,HIV Incidence
Carroll,0,Hispanic,2011,HIV Incidence
Cecil,37.6,Hispanic,2011,HIV Incidence
Charles,40.2,Hispanic,2011,HIV Incidence
Dorchester,,Hispanic,2011,HIV Incidence
Frederick,7.5,Hispanic,2011,HIV Incidence
Garrett,,Hispanic,2011,HIV Incidence
Harford,14.9,Hispanic,2011,HIV Incidence
Howard,0,Hispanic,2011,HIV Incidence
Kent,,Hispanic,2011,HIV Incidence
Montgomery,17,Hispanic,2011,HIV Incidence
Prince George's,43.4,Hispanic,2011,HIV Incidence
Queen Anne's,0,Hispanic,2011,HIV Incidence
Saint Mary's,0,Hispanic,2011,HIV Incidence
Somerset,,Hispanic,2011,HIV Incidence
Talbot,0,Hispanic,2011,HIV Incidence
Washington,0,Hispanic,2011,HIV Incidence
Wicomico,58.5,Hispanic,2011,HIV Incidence
Worcester,0,Hispanic,2011,HIV Incidence
State,7.9,White Non-Hispanic,2011,HIV Incidence
Allegany,3.5,White Non-Hispanic,2011,HIV Incidence
Anne Arundel,5.7,White Non-Hispanic,2011,HIV Incidence
Baltimore City,30.5,White Non-Hispanic,2011,HIV Incidence
Baltimore County,7.5,White Non-Hispanic,2011,HIV Incidence
Calvert,3.4,White Non-Hispanic,2011,HIV Incidence
Caroline,4.6,White Non-Hispanic,2011,HIV Incidence
Carroll,2.3,White Non-Hispanic,2011,HIV Incidence
Cecil,5.4,White Non-Hispanic,2011,HIV Incidence
Charles,1.6,White Non-Hispanic,2011,HIV Incidence
Dorchester,0,White Non-Hispanic,2011,HIV Incidence
Frederick,4.5,White Non-Hispanic,2011,HIV Incidence
Garrett,0,White Non-Hispanic,2011,HIV Incidence
Harford,7.9,White Non-Hispanic,2011,HIV Incidence
Howard,6.1,White Non-Hispanic,2011,HIV Incidence
Kent,0,White Non-Hispanic,2011,HIV Incidence
Montgomery,7.7,White Non-Hispanic,2011,HIV Incidence
Prince George's,17,White Non-Hispanic,2011,HIV Incidence
Queen Anne's,5.6,White Non-Hispanic,2011,HIV Incidence
Saint Mary's,2.9,White Non-Hispanic,2011,HIV Incidence
Somerset,0,White Non-Hispanic,2011,HIV Incidence
Talbot,0,White Non-Hispanic,2011,HIV Incidence
Washington,5.7,White Non-Hispanic,2011,HIV Incidence
Wicomico,1.7,White Non-Hispanic,2011,HIV Incidence
Worcester,8.1,White Non-Hispanic,2011,HIV Incidence
State,,Asian,2011,HIV Incidence
Allegany,,Asian,2011,HIV Incidence
Anne Arundel,,Asian,2011,HIV Incidence
Baltimore City,,Asian,2011,HIV Incidence
Baltimore County,,Asian,2011,HIV Incidence
Calvert,,Asian,2011,HIV Incidence
Caroline,,Asian,2011,HIV Incidence
Carroll,,Asian,2011,HIV Incidence
Cecil,,Asian,2011,HIV Incidence
Charles,,Asian,2011,HIV Incidence
Dorchester,,Asian,2011,HIV Incidence
Frederick,,Asian,2011,HIV Incidence
Garrett,,Asian,2011,HIV Incidence
Harford,,Asian,2011,HIV Incidence
Howard,,Asian,2011,HIV Incidence
Kent,,Asian,2011,HIV Incidence
Montgomery,,Asian,2011,HIV Incidence
Prince George's,,Asian,2011,HIV Incidence
Queen Anne's,,Asian,2011,HIV Incidence
Saint Mary's,,Asian,2011,HIV Incidence
Somerset,,Asian,2011,HIV Incidence
Talbot,,Asian,2011,HIV Incidence
Washington,,Asian,2011,HIV Incidence
Wicomico,,Asian,2011,HIV Incidence
Worcester,,Asian,2011,HIV Incidence
State,37.7,All races/ ethnicities (aggregated),2010,HIV Incidence
Allegany,4.6,All races/ ethnicities (aggregated),2010,HIV Incidence
Anne Arundel,14.7,All races/ ethnicities (aggregated),2010,HIV Incidence
Baltimore City,116.8,All races/ ethnicities (aggregated),2010,HIV Incidence
Baltimore County,30.7,All races/ ethnicities (aggregated),2010,HIV Incidence
Calvert,10.9,All races/ ethnicities (aggregated),2010,HIV Incidence
Caroline,14.8,All races/ ethnicities (aggregated),2010,HIV Incidence
Carroll,5,All races/ ethnicities (aggregated),2010,HIV Incidence
Cecil,4.8,All races/ ethnicities (aggregated),2010,HIV Incidence
Charles,21.6,All races/ ethnicities (aggregated),2010,HIV Incidence
Dorchester,39.8,All races/ ethnicities (aggregated),2010,HIV Incidence
Frederick,12.5,All races/ ethnicities (aggregated),2010,HIV Incidence
Garrett,0,All races/ ethnicities (aggregated),2010,HIV Incidence
Harford,9.3,All races/ ethnicities (aggregated),2010,HIV Incidence
Howard,11.8,All races/ ethnicities (aggregated),2010,HIV Incidence
Kent,0,All races/ ethnicities (aggregated),2010,HIV Incidence
Montgomery,24.5,All races/ ethnicities (aggregated),2010,HIV Incidence
Prince George's,68,All races/ ethnicities (aggregated),2010,HIV Incidence
Queen Anne's,7.5,All races/ ethnicities (aggregated),2010,HIV Incidence
Saint Mary's,7,All races/ ethnicities (aggregated),2010,HIV Incidence
Somerset,12.9,All races/ ethnicities (aggregated),2010,HIV Incidence
Talbot,9.2,All races/ ethnicities (aggregated),2010,HIV Incidence
Washington,12.1,All races/ ethnicities (aggregated),2010,HIV Incidence
Wicomico,9.6,All races/ ethnicities (aggregated),2010,HIV Incidence
Worcester,8.9,All races/ ethnicities (aggregated),2010,HIV Incidence
State,98.3,Black Non-Hispanic,2010,HIV Incidence
Allegany,17.7,Black Non-Hispanic,2010,HIV Incidence
Anne Arundel,52.2,Black Non-Hispanic,2010,HIV Incidence
Baltimore City,158.3,Black Non-Hispanic,2010,HIV Incidence
Baltimore County,81.7,Black Non-Hispanic,2010,HIV Incidence
Calvert,50.6,Black Non-Hispanic,2010,HIV Incidence
Caroline,54.8,Black Non-Hispanic,2010,HIV Incidence
Carroll,67.8,Black Non-Hispanic,2010,HIV Incidence
Cecil,41,Black Non-Hispanic,2010,HIV Incidence
Charles,39.9,Black Non-Hispanic,2010,HIV Incidence
Dorchester,81.8,Black Non-Hispanic,2010,HIV Incidence
Frederick,63.8,Black Non-Hispanic,2010,HIV Incidence
Garrett,,Black Non-Hispanic,2010,HIV Incidence
Harford,41.6,Black Non-Hispanic,2010,HIV Incidence
Howard,35.1,Black Non-Hispanic,2010,HIV Incidence
Kent,,Black Non-Hispanic,2010,HIV Incidence
Montgomery,86.5,Black Non-Hispanic,2010,HIV Incidence
Prince George's,90.3,Black Non-Hispanic,2010,HIV Incidence
Queen Anne's,72.3,Black Non-Hispanic,2010,HIV Incidence
Saint Mary's,0,Black Non-Hispanic,2010,HIV Incidence
Somerset,20.2,Black Non-Hispanic,2010,HIV Incidence
Talbot,24.5,Black Non-Hispanic,2010,HIV Incidence
Washington,59.9,Black Non-Hispanic,2010,HIV Incidence
Wicomico,15.9,Black Non-Hispanic,2010,HIV Incidence
Worcester,34.6,Black Non-Hispanic,2010,HIV Incidence
State,31,Hispanic,2010,HIV Incidence
Allegany,,Hispanic,2010,HIV Incidence
Anne Arundel,20.3,Hispanic,2010,HIV Incidence
Baltimore City,83.4,Hispanic,2010,HIV Incidence
Baltimore County,43.1,Hispanic,2010,HIV Incidence
Calvert,0,Hispanic,2010,HIV Incidence
Caroline,0,Hispanic,2010,HIV Incidence
Carroll,0,Hispanic,2010,HIV Incidence
Cecil,0,Hispanic,2010,HIV Incidence
Charles,0,Hispanic,2010,HIV Incidence
Dorchester,,Hispanic,2010,HIV Incidence
Frederick,31.5,Hispanic,2010,HIV Incidence
Garrett,,Hispanic,2010,HIV Incidence
Harford,0,Hispanic,2010,HIV Incidence
Howard,39.6,Hispanic,2010,HIV Incidence
Kent,,Hispanic,2010,HIV Incidence
Montgomery,22.3,Hispanic,2010,HIV Incidence
Prince George's,34.6,Hispanic,2010,HIV Incidence
Queen Anne's,0,Hispanic,2010,HIV Incidence
Saint Mary's,0,Hispanic,2010,HIV Incidence
Somerset,,Hispanic,2010,HIV Incidence
Talbot,0,Hispanic,2010,HIV Incidence
Washington,27.1,Hispanic,2010,HIV Incidence
Wicomico,29.8,Hispanic,2010,HIV Incidence
Worcester,0,Hispanic,2010,HIV Incidence
State,8.9,White Non-Hispanic,2010,HIV Incidence
Allegany,3.5,White Non-Hispanic,2010,HIV Incidence
Anne Arundel,4.8,White Non-Hispanic,2010,HIV Incidence
Baltimore City,29.7,White Non-Hispanic,2010,HIV Incidence
Baltimore County,9.5,White Non-Hispanic,2010,HIV Incidence
Calvert,3.4,White Non-Hispanic,2010,HIV Incidence
Caroline,9.2,White Non-Hispanic,2010,HIV Incidence
Carroll,2.3,White Non-Hispanic,2010,HIV Incidence
Cecil,41.3,White Non-Hispanic,2010,HIV Incidence
Charles,8.2,White Non-Hispanic,2010,HIV Incidence
Dorchester,15.9,White Non-Hispanic,2010,HIV Incidence
Frederick,6.5,White Non-Hispanic,2010,HIV Incidence
Garrett,0,White Non-Hispanic,2010,HIV Incidence
Harford,5.5,White Non-Hispanic,2010,HIV Incidence
Howard,5.5,White Non-Hispanic,2010,HIV Incidence
Kent,0,White Non-Hispanic,2010,HIV Incidence
Montgomery,10.9,White Non-Hispanic,2010,HIV Incidence
Prince George's,16,White Non-Hispanic,2010,HIV Incidence
Queen Anne's,2.8,White Non-Hispanic,2010,HIV Incidence
Saint Mary's,9,White Non-Hispanic,2010,HIV Incidence
Somerset,0,White Non-Hispanic,2010,HIV Incidence
Talbot,3.8,White Non-Hispanic,2010,HIV Incidence
Washington,5.7,White Non-Hispanic,2010,HIV Incidence
Wicomico,7,White Non-Hispanic,2010,HIV Incidence
Worcester,5.4,White Non-Hispanic,2010,HIV Incidence
State,,Asian,2010,HIV Incidence
Allegany,,Asian,2010,HIV Incidence
Anne Arundel,,Asian,2010,HIV Incidence
Baltimore City,,Asian,2010,HIV Incidence
Baltimore County,,Asian,2010,HIV Incidence
Calvert,,Asian,2010,HIV Incidence
Caroline,,Asian,2010,HIV Incidence
Carroll,,Asian,2010,HIV Incidence
Cecil,,Asian,2010,HIV Incidence
Charles,,Asian,2010,HIV Incidence
Dorchester,,Asian,2010,HIV Incidence
Frederick,,Asian,2010,HIV Incidence
Garrett,,Asian,2010,HIV Incidence
Harford,,Asian,2010,HIV Incidence
Howard,,Asian,2010,HIV Incidence
Kent,,Asian,2010,HIV Incidence
Montgomery,,Asian,2010,HIV Incidence
Prince George's,,Asian,2010,HIV Incidence
Queen Anne's,,Asian,2010,HIV Incidence
Saint Mary's,,Asian,2010,HIV Incidence
Somerset,,Asian,2010,HIV Incidence
Talbot,,Asian,2010,HIV Incidence
Washington,,Asian,2010,HIV Incidence
Wicomico,,Asian,2010,HIV Incidence
Worcester,,Asian,2010,HIV Incidence
State,37.6,All races/ ethnicities (aggregated),2009,HIV Incidence
Allegany,6.3,All races/ ethnicities (aggregated),2009,HIV Incidence
Anne Arundel,16.6,All races/ ethnicities (aggregated),2009,HIV Incidence
Baltimore City,116.5,All races/ ethnicities (aggregated),2009,HIV Incidence
Baltimore County,27.3,All races/ ethnicities (aggregated),2009,HIV Incidence
Calvert,6.8,All races/ ethnicities (aggregated),2009,HIV Incidence
Caroline,11,All races/ ethnicities (aggregated),2009,HIV Incidence
Carroll,5.7,All races/ ethnicities (aggregated),2009,HIV Incidence
Cecil,7.2,All races/ ethnicities (aggregated),2009,HIV Incidence
Charles,25.9,All races/ ethnicities (aggregated),2009,HIV Incidence
Dorchester,14.7,All races/ ethnicities (aggregated),2009,HIV Incidence
Frederick,7,All races/ ethnicities (aggregated),2009,HIV Incidence
Garrett,0,All races/ ethnicities (aggregated),2009,HIV Incidence
Harford,9.5,All races/ ethnicities (aggregated),2009,HIV Incidence
Howard,11.7,All races/ ethnicities (aggregated),2009,HIV Incidence
Kent,0,All races/ ethnicities (aggregated),2009,HIV Incidence
Montgomery,23.9,All races/ ethnicities (aggregated),2009,HIV Incidence
Prince George's,70.2,All races/ ethnicities (aggregated),2009,HIV Incidence
Queen Anne's,10,All races/ ethnicities (aggregated),2009,HIV Incidence
Saint Mary's,7.1,All races/ ethnicities (aggregated),2009,HIV Incidence
Somerset,4.4,All races/ ethnicities (aggregated),2009,HIV Incidence
Talbot,9.6,All races/ ethnicities (aggregated),2009,HIV Incidence
Washington,10.7,All races/ ethnicities (aggregated),2009,HIV Incidence
Wicomico,23,All races/ ethnicities (aggregated),2009,HIV Incidence
Worcester,11.7,All races/ ethnicities (aggregated),2009,HIV Incidence
State,100.7,Black Non-Hispanic,2009,HIV Incidence
Allegany,0,Black Non-Hispanic,2009,HIV Incidence
Anne Arundel,54.4,Black Non-Hispanic,2009,HIV Incidence
Baltimore City,157.3,Black Non-Hispanic,2009,HIV Incidence
Baltimore County,83,Black Non-Hispanic,2009,HIV Incidence
Calvert,37.2,Black Non-Hispanic,2009,HIV Incidence
Caroline,0,Black Non-Hispanic,2009,HIV Incidence
Carroll,17.9,Black Non-Hispanic,2009,HIV Incidence
Cecil,20.7,Black Non-Hispanic,2009,HIV Incidence
Charles,55.7,Black Non-Hispanic,2009,HIV Incidence
Dorchester,27.6,Black Non-Hispanic,2009,HIV Incidence
Frederick,31.4,Black Non-Hispanic,2009,HIV Incidence
Garrett,,Black Non-Hispanic,2009,HIV Incidence
Harford,46.7,Black Non-Hispanic,2009,HIV Incidence
Howard,48,Black Non-Hispanic,2009,HIV Incidence
Kent,,Black Non-Hispanic,2009,HIV Incidence
Montgomery,102.6,Black Non-Hispanic,2009,HIV Incidence
Prince George's,92.2,Black Non-Hispanic,2009,HIV Incidence
Queen Anne's,59.4,Black Non-Hispanic,2009,HIV Incidence
Saint Mary's,40.2,Black Non-Hispanic,2009,HIV Incidence
Somerset,10.6,Black Non-Hispanic,2009,HIV Incidence
Talbot,0,Black Non-Hispanic,2009,HIV Incidence
Washington,17,Black Non-Hispanic,2009,HIV Incidence
Wicomico,73.1,Black Non-Hispanic,2009,HIV Incidence
Worcester,32.9,Black Non-Hispanic,2009,HIV Incidence
State,33.5,Hispanic,2009,HIV Incidence
Allegany,,Hispanic,2009,HIV Incidence
Anne Arundel,22.2,Hispanic,2009,HIV Incidence
Baltimore City,107.9,Hispanic,2009,HIV Incidence
Baltimore County,45.7,Hispanic,2009,HIV Incidence
Calvert,0,Hispanic,2009,HIV Incidence
Caroline,0,Hispanic,2009,HIV Incidence
Carroll,122.9,Hispanic,2009,HIV Incidence
Cecil,0,Hispanic,2009,HIV Incidence
Charles,24.6,Hispanic,2009,HIV Incidence
Dorchester,,Hispanic,2009,HIV Incidence
Frederick,0,Hispanic,2009,HIV Incidence
Garrett,,Hispanic,2009,HIV Incidence
Harford,19.2,Hispanic,2009,HIV Incidence
Howard,9.1,Hispanic,2009,HIV Incidence
Kent,,Hispanic,2009,HIV Incidence
Montgomery,22.2,Hispanic,2009,HIV Incidence
Prince George's,42.7,Hispanic,2009,HIV Incidence
Queen Anne's,,Hispanic,2009,HIV Incidence
Saint Mary's,0,Hispanic,2009,HIV Incidence
Somerset,,Hispanic,2009,HIV Incidence
Talbot,,Hispanic,2009,HIV Incidence
Washington,33.4,Hispanic,2009,HIV Incidence
Wicomico,0,Hispanic,2009,HIV Incidence
Worcester,,Hispanic,2009,HIV Incidence
State,8.2,White Non-Hispanic,2009,HIV Incidence
Allegany,5.2,White Non-Hispanic,2009,HIV Incidence
Anne Arundel,8.5,White Non-Hispanic,2009,HIV Incidence
Baltimore City,33.4,White Non-Hispanic,2009,HIV Incidence
Baltimore County,7.6,White Non-Hispanic,2009,HIV Incidence
Calvert,1.7,White Non-Hispanic,2009,HIV Incidence
Caroline,9.2,White Non-Hispanic,2009,HIV Incidence
Carroll,3.1,White Non-Hispanic,2009,HIV Incidence
Cecil,6.7,White Non-Hispanic,2009,HIV Incidence
Charles,4.9,White Non-Hispanic,2009,HIV Incidence
Dorchester,0,White Non-Hispanic,2009,HIV Incidence
Frederick,4,White Non-Hispanic,2009,HIV Incidence
Garrett,0,White Non-Hispanic,2009,HIV Incidence
Harford,3.6,White Non-Hispanic,2009,HIV Incidence
Howard,2,White Non-Hispanic,2009,HIV Incidence
Kent,0,White Non-Hispanic,2009,HIV Incidence
Montgomery,5.3,White Non-Hispanic,2009,HIV Incidence
Prince George's,17.2,White Non-Hispanic,2009,HIV Incidence
Queen Anne's,5.7,White Non-Hispanic,2009,HIV Incidence
Saint Mary's,0,White Non-Hispanic,2009,HIV Incidence
Somerset,0,White Non-Hispanic,2009,HIV Incidence
Talbot,7.7,White Non-Hispanic,2009,HIV Incidence
Washington,7.7,White Non-Hispanic,2009,HIV Incidence
Wicomico,5.4,White Non-Hispanic,2009,HIV Incidence
Worcester,8.6,White Non-Hispanic,2009,HIV Incidence
State,,Asian,2009,HIV Incidence
Allegany,,Asian,2009,HIV Incidence
Anne Arundel,,Asian,2009,HIV Incidence
Baltimore City,,Asian,2009,HIV Incidence
Baltimore County,,Asian,2009,HIV Incidence
Calvert,,Asian,2009,HIV Incidence
Caroline,,Asian,2009,HIV Incidence
Carroll,,Asian,2009,HIV Incidence
Cecil,,Asian,2009,HIV Incidence
Charles,,Asian,2009,HIV Incidence
Dorchester,,Asian,2009,HIV Incidence
Frederick,,Asian,2009,HIV Incidence
Garrett,,Asian,2009,HIV Incidence
Harford,,Asian,2009,HIV Incidence
Howard,,Asian,2009,HIV Incidence
Kent,,Asian,2009,HIV Incidence
Montgomery,,Asian,2009,HIV Incidence
Prince George's,,Asian,2009,HIV Incidence
Queen Anne's,,Asian,2009,HIV Incidence
Saint Mary's,,Asian,2009,HIV Incidence
Somerset,,Asian,2009,HIV Incidence
Talbot,,Asian,2009,HIV Incidence
Washington,,Asian,2009,HIV Incidence
Wicomico,,Asian,2009,HIV Incidence
Worcester,,Asian,2009,HIV Incidence
